ticket_id,n1,n2,n3,n4,n5,n6,n7,n8,n9,n10
1,2,17,18,25,29,43,51,59,60,67
2,3,7,15,27,30,40,42,45,50,62
3,4,19,20,24,28,44,52,53,56,62
4,7,8,25,29,30,35,46,47,66,69
5,7,19,37,45,46,48,54,62,67,69
6,9,15,17,22,28,31,34,45,46,66
7,1,13,15,23,36,53,58,61,62,68
8,2,6,18,26,30,33,34,41,59,64
9,5,19,28,36,39,41,43,52,66,68
10,2,11,23,28,59,60,63,64,67,69
11,9,19,20,29,39,43,49,51,59,62
12,12,33,37,45,48,64,65,68,69,70
13,8,28,29,32,33,34,44,55,57,69
14,3,6,15,22,25,38,53,57,66,67
15,4,6,36,37,41,42,46,52,54,67
16,9,11,12,17,21,38,43,47,56,70
17,3,19,33,34,40,42,48,58,63,66
18,14,20,23,27,33,34,45,47,52,63
19,1,8,11,14,26,27,36,49,58,60
20,2,16,25,31,32,37,53,54,58,60
21,4,5,9,15,18,26,36,41,44,46
22,1,12,28,29,41,48,54,58,61,70
23,4,6,11,13,25,57,60,62,65,70
24,11,16,27,39,40,43,44,53,60,64
25,4,10,14,26,30,36,49,58,63,69
26,5,16,18,25,33,34,48,50,53,69
27,3,6,24,30,37,51,54,58,62,65
28,2,6,22,25,32,35,37,46,59,64
29,1,8,13,14,24,37,41,47,48,54
30,3,5,12,19,27,33,38,49,67,68
31,4,13,15,18,24,43,50,54,61,70
32,4,16,20,21,22,39,43,50,60,62
33,3,7,20,30,39,41,43,52,66,68
34,3,8,9,10,12,17,23,34,50,54
35,5,10,12,14,16,26,38,52,57,68
36,3,5,15,21,31,33,37,43,57,69
37,11,12,16,19,21,34,37,55,63,70
38,18,29,32,33,34,47,50,54,57,69
39,7,9,14,20,23,35,39,47,56,61
40,20,22,24,34,41,50,56,60,61,63
41,18,21,31,33,35,37,38,52,54,58
42,1,5,7,10,20,22,25,29,41,43
43,1,19,31,34,37,47,48,50,53,67
44,3,4,13,33,40,44,49,55,63,65
45,1,3,5,12,14,16,22,37,43,52
46,4,11,12,14,18,24,29,39,65,67
47,15,17,24,31,34,37,44,54,59,61
48,15,26,27,28,30,36,48,55,58,65
49,6,10,14,16,18,26,37,53,55,67
50,1,7,8,24,29,30,40,45,54,60
51,7,10,16,28,38,44,51,55,64,67
52,3,10,30,32,36,40,43,46,48,63
53,7,23,27,29,30,31,34,37,47,55
54,12,21,31,33,36,51,58,64,67,69
55,8,17,19,28,29,49,50,54,57,59
56,2,18,24,26,38,39,52,59,61,65
57,4,15,20,26,36,38,39,41,60,61
58,3,7,10,12,22,27,48,53,57,62
59,5,12,15,44,46,48,56,59,60,61
60,7,14,17,19,28,33,34,43,45,49
61,5,12,13,20,21,45,48,51,62,70
62,2,23,25,32,34,40,48,53,54,57
63,2,3,4,18,30,35,39,52,53,67
64,4,14,22,25,26,39,49,57,66,67
65,14,17,24,25,29,31,36,38,59,61
66,6,12,13,45,51,55,58,66,67,68
67,10,14,20,21,25,31,36,38,50,60
68,1,5,16,17,24,26,27,33,37,45
69,3,19,22,23,24,26,27,43,64,65
70,2,5,7,12,14,22,37,42,61,67
71,3,7,13,14,42,47,55,61,68,69
72,1,7,22,24,27,28,45,47,52,62
73,21,30,32,34,38,40,56,59,68,70
74,1,3,8,16,23,27,41,53,60,67
75,1,3,6,23,25,34,35,51,66,67
76,2,3,5,20,22,30,34,50,62,70
77,23,29,33,37,40,45,52,53,56,61
78,8,17,31,38,39,42,51,65,66,69
79,2,22,23,25,32,33,40,42,56,67
80,1,6,7,9,10,19,20,29,41,42
81,3,12,22,26,31,39,50,53,66,67
82,6,19,21,30,32,34,35,51,67,70
83,5,29,30,41,46,48,50,52,56,70
84,1,4,9,13,30,38,47,49,52,68
85,5,23,27,35,42,56,57,60,61,66
86,2,3,9,11,14,33,42,50,57,70
87,1,8,10,13,19,27,29,49,59,63
88,6,7,12,17,20,25,35,57,63,70
89,22,31,48,49,53,54,58,59,62,69
90,8,13,15,18,19,21,25,29,58,65
91,5,22,23,24,33,35,52,57,65,69
92,7,8,13,25,29,34,42,45,51,54
93,1,9,10,16,26,33,35,55,58,67
94,6,7,30,35,37,40,41,53,59,60
95,2,17,19,28,30,33,45,51,63,65
96,2,5,9,10,16,34,38,40,48,60
97,1,18,21,25,33,36,46,48,50,52
98,2,9,10,20,23,27,30,37,38,66
99,9,15,22,32,37,56,58,60,64,65
100,14,45,48,50,51,62,63,65,67,70
101,5,11,20,26,28,32,33,35,39,45
102,15,35,44,46,48,49,55,57,59,60
103,8,16,20,24,27,36,51,57,58,66
104,13,17,30,40,48,49,54,58,66,69
105,2,13,15,22,23,24,28,40,53,62
106,16,20,31,39,44,49,50,55,58,60
107,2,10,14,17,20,24,28,29,63,65
108,1,5,11,24,34,35,43,49,54,69
109,5,8,10,19,24,35,46,52,58,64
110,26,30,31,32,40,42,50,55,60,66
111,2,3,5,18,24,40,47,49,54,62
112,10,12,22,24,30,34,48,53,62,66
113,1,8,11,28,35,40,42,55,56,59
114,5,27,29,31,35,37,43,57,58,70
115,5,28,29,37,41,44,55,60,64,66
116,7,14,23,26,29,42,48,52,61,70
117,1,7,10,13,14,15,17,18,19,29
118,8,11,18,22,32,45,46,54,60,65
119,1,8,16,22,30,41,42,46,63,70
120,11,22,23,28,46,49,53,55,58,63
121,14,32,48,50,51,53,56,63,64,65
122,4,14,20,34,39,44,47,62,63,68
123,7,16,23,27,29,49,59,61,64,66
124,7,11,12,15,19,24,28,41,53,67
125,8,13,18,25,30,45,46,48,54,65
126,5,8,28,41,42,43,52,60,66,70
127,12,15,24,26,34,43,49,54,56,58
128,2,7,15,21,26,37,45,49,68,70
129,8,19,30,35,51,57,61,62,65,68
130,11,15,23,34,35,40,47,51,63,67
131,1,18,28,31,36,37,43,52,61,63
132,5,7,10,15,29,38,42,52,62,67
133,16,20,24,30,31,37,43,56,59,70
134,4,11,16,25,44,46,55,58,62,67
135,1,4,12,25,29,46,49,52,57,68
136,5,22,23,27,31,32,51,59,67,68
137,9,10,14,16,18,28,47,52,65,68
138,2,14,22,25,46,47,62,64,68,70
139,2,3,6,10,11,15,29,39,49,62
140,5,7,14,16,19,28,30,56,57,69
141,34,40,44,45,46,52,54,56,63,65
142,2,8,9,12,14,16,43,45,49,70
143,16,23,26,27,30,38,54,63,66,67
144,32,35,36,45,59,61,62,63,64,68
145,10,16,17,21,26,27,36,63,66,68
146,1,4,5,7,12,19,21,22,29,65
147,2,12,28,48,52,54,60,61,63,66
148,15,18,20,23,32,33,40,47,48,53
149,2,5,12,19,30,38,47,56,60,65
150,6,9,21,33,42,58,59,61,63,66
151,3,8,16,29,30,40,44,47,60,62
152,8,24,31,32,38,43,45,56,60,61
153,2,5,6,27,37,48,53,60,64,67
154,9,12,15,20,35,39,44,50,60,68
155,6,7,8,10,12,13,19,24,54,60
156,2,17,29,30,31,34,38,42,51,67
157,5,14,21,34,41,43,52,56,62,66
158,6,16,25,27,29,38,46,49,52,54
159,2,9,13,32,42,45,55,57,58,69
160,3,6,13,26,27,32,39,44,54,61
161,4,12,14,23,38,48,57,59,64,68
162,15,17,25,27,33,38,42,54,56,68
163,5,15,18,19,32,33,38,49,55,70
164,11,18,20,36,37,38,44,52,54,59
165,7,8,17,20,23,25,29,55,58,66
166,3,5,11,12,14,35,40,48,60,67
167,13,15,24,28,40,55,57,59,63,67
168,10,16,19,24,26,42,46,47,52,54
169,7,15,22,25,29,37,43,55,60,70
170,2,3,8,18,23,25,30,31,46,53
171,4,7,25,28,29,30,41,46,48,54
172,13,18,23,30,44,53,59,61,65,67
173,2,14,21,25,28,32,50,55,57,67
174,16,19,34,37,39,41,49,58,62,65
175,14,21,34,50,52,56,62,64,66,67
176,1,10,18,19,39,43,44,45,54,61
177,5,14,15,19,32,33,45,49,62,63
178,6,26,33,34,36,45,50,64,67,69
179,1,17,28,29,30,50,60,64,66,67
180,11,16,17,21,29,32,36,49,51,56
181,4,6,10,12,30,36,43,44,48,52
182,13,14,22,25,26,27,37,56,57,61
183,3,5,11,15,22,26,32,57,69,70
184,13,14,20,23,36,42,43,54,55,60
185,5,9,11,13,16,36,43,47,54,55
186,2,3,8,11,12,33,42,48,67,68
187,4,7,8,18,23,30,40,47,58,70
188,8,26,30,33,35,38,43,45,59,60
189,4,5,15,16,17,20,44,52,54,56
190,2,25,31,35,40,50,51,53,55,65
191,11,12,14,21,22,24,28,42,50,70
192,3,20,22,24,29,30,55,56,57,61
193,1,5,13,24,29,39,41,56,63,64
194,6,9,16,22,30,32,34,42,50,58
195,9,15,24,30,43,44,46,55,56,68
196,2,12,14,20,38,46,52,56,57,66
197,3,9,19,20,24,27,35,52,57,70
198,12,14,15,17,22,32,39,51,63,68
199,2,3,16,29,30,37,38,56,64,66
200,1,17,28,31,34,37,45,54,56,68
201,1,3,16,21,38,55,57,66,68,70
202,11,13,15,18,23,26,44,50,65,69
203,7,9,11,13,21,26,27,37,46,70
204,2,7,18,26,27,28,50,51,55,59
205,1,3,8,23,33,37,47,48,49,53
206,4,5,6,8,27,31,35,36,61,67
207,2,5,22,25,31,32,47,51,57,69
208,9,23,27,32,34,35,46,52,53,55
209,20,21,26,30,32,35,59,61,67,70
210,11,21,24,25,27,42,44,51,61,65
211,5,14,27,31,37,39,40,45,60,67
212,6,11,15,17,35,36,40,46,52,67
213,13,27,31,37,42,44,45,56,59,67
214,12,16,22,23,25,32,47,51,53,57
215,7,9,10,12,18,28,44,47,49,55
216,3,28,31,35,36,40,48,52,62,70
217,10,11,13,24,27,32,37,38,39,53
218,15,16,36,41,45,56,59,62,65,69
219,2,3,16,34,39,43,47,52,57,58
220,6,12,20,26,27,37,44,56,57,58
221,1,4,16,17,28,29,38,51,54,63
222,5,6,16,24,31,37,41,42,45,57
223,22,23,36,38,39,53,57,62,63,64
224,2,3,18,32,35,36,42,44,50,61
225,11,14,17,19,25,38,40,46,53,70
226,14,22,31,33,37,41,46,48,52,61
227,7,8,13,23,34,38,48,52,58,66
228,9,12,16,19,23,28,32,40,44,69
229,2,7,11,26,27,32,36,49,57,70
230,7,18,28,41,45,46,50,54,60,69
231,5,19,21,27,28,34,42,48,49,70
232,1,10,24,32,36,40,48,50,51,70
233,1,2,6,18,24,29,38,54,64,69
234,6,23,28,32,40,49,50,52,62,67
235,3,4,8,24,29,30,32,45,47,66
236,8,10,12,13,19,25,28,33,43,69
237,2,3,7,11,15,17,26,28,40,55
238,3,4,6,7,15,18,34,57,58,63
239,3,13,16,26,33,37,44,59,64,70
240,1,12,19,30,35,36,38,48,63,68
241,3,20,21,29,35,36,50,64,68,70
242,6,12,17,22,24,36,39,42,49,52
243,7,11,22,28,37,39,47,53,57,68
244,3,6,7,8,9,10,38,41,52,56
245,9,17,20,22,25,29,53,60,64,66
246,13,19,24,31,36,39,42,63,68,69
247,2,5,21,22,36,38,39,46,52,61
248,1,5,7,12,20,27,31,45,56,68
249,2,15,22,25,27,42,47,57,59,61
250,4,5,10,23,26,27,38,48,59,62
251,8,13,28,29,34,40,55,57,63,69
252,1,5,13,23,29,30,34,41,50,65
253,9,14,20,22,24,34,41,50,61,69
254,3,11,13,15,20,34,58,65,66,70
255,13,23,27,29,32,34,47,49,51,54
256,4,6,14,16,31,32,38,55,61,70
257,3,7,9,31,32,33,44,52,54,62
258,9,16,18,21,23,29,30,54,57,61
259,8,11,14,19,20,35,45,53,54,69
260,4,10,21,35,37,43,48,49,56,61
261,2,12,15,25,32,40,45,63,65,67
262,2,8,10,11,15,22,23,40,45,69
263,5,20,22,25,44,47,52,54,56,67
264,3,7,11,30,37,40,48,62,63,67
265,5,10,11,17,27,32,35,42,43,50
266,11,13,14,21,25,37,55,57,67,70
267,3,26,27,32,33,34,41,47,48,53
268,5,20,21,28,29,35,46,60,65,66
269,2,3,5,13,17,18,34,41,47,69
270,3,4,16,31,36,42,43,46,48,67
271,2,19,21,28,33,37,39,40,49,54
272,1,6,8,22,23,31,33,37,45,67
273,7,14,19,20,30,34,40,44,50,58
274,20,28,31,35,48,51,61,66,69,70
275,1,6,12,16,23,41,44,57,64,66
276,11,12,17,23,27,30,44,48,56,70
277,6,22,27,31,39,45,49,54,58,62
278,3,18,21,26,34,37,39,54,60,62
279,2,13,29,34,36,42,44,46,53,60
280,4,10,23,24,27,29,33,39,42,60
281,11,20,42,50,51,54,56,63,64,68
282,6,10,19,20,48,51,55,57,59,66
283,3,6,12,13,21,22,44,49,62,63
284,4,5,6,39,42,43,47,56,61,66
285,6,21,23,30,43,55,58,62,65,70
286,3,10,30,33,36,37,39,45,48,63
287,5,6,10,11,27,32,33,38,51,66
288,12,18,20,23,34,38,40,44,60,64
289,18,22,24,30,34,35,43,51,58,61
290,23,25,29,39,42,47,49,53,55,68
291,2,9,16,25,37,51,55,58,63,66
292,2,6,7,18,22,29,43,46,51,65
293,4,12,20,24,25,29,33,47,57,67
294,3,11,18,30,34,43,45,53,64,67
295,1,2,6,7,16,32,40,55,60,65
296,12,18,20,22,31,35,40,50,53,61
297,9,11,16,28,30,31,32,41,47,53
298,3,16,24,44,47,50,54,55,62,63
299,5,15,18,20,22,32,44,56,57,59
300,10,15,18,23,32,40,41,56,59,68
301,1,12,19,24,25,35,44,46,53,64
302,4,14,18,22,24,27,37,50,51,64
303,2,5,7,11,15,24,27,34,40,48
304,3,12,14,20,21,35,43,46,51,55
305,3,4,7,12,20,29,31,40,66,69
306,3,16,20,22,25,26,39,53,57,64
307,1,4,26,28,30,31,47,55,65,68
308,23,25,26,27,37,42,48,53,55,62
309,2,9,16,18,22,45,52,55,56,57
310,6,10,15,22,32,43,47,55,58,69
311,14,16,22,23,24,37,46,52,65,68
312,2,14,16,17,20,31,45,60,62,66
313,5,10,20,23,27,33,34,45,51,53
314,2,8,15,17,30,40,42,44,49,59
315,5,7,27,40,42,50,53,57,63,70
316,8,20,26,29,31,37,45,47,66,70
317,5,7,12,20,24,30,53,55,60,68
318,2,14,16,23,25,29,34,35,44,67
319,1,4,12,13,19,45,46,54,58,62
320,12,16,20,26,27,47,53,56,58,62
321,1,29,31,35,38,46,53,59,62,65
322,1,3,4,16,20,41,48,51,59,68
323,10,16,25,26,27,38,41,48,55,59
324,1,21,26,29,30,37,39,51,60,64
325,3,7,11,15,18,22,23,43,53,68
326,4,12,17,24,46,51,58,60,63,68
327,5,7,12,15,30,35,37,43,55,60
328,3,9,14,19,20,31,32,45,59,65
329,8,22,26,31,32,50,57,60,62,63
330,25,27,32,35,41,45,48,50,59,61
331,2,6,15,24,26,27,33,37,46,56
332,1,2,28,35,40,41,55,60,63,68
333,9,12,24,37,39,40,41,52,54,62
334,2,6,31,34,37,45,54,61,62,63
335,8,15,16,19,22,45,61,63,65,67
336,2,9,16,30,32,49,55,57,62,63
337,15,17,29,31,44,45,46,61,63,64
338,2,17,21,27,33,39,47,48,54,66
339,13,28,35,48,51,53,56,61,64,67
340,1,6,16,20,24,35,44,50,63,66
341,13,15,19,40,41,43,49,51,53,56
342,3,7,12,21,22,33,35,39,41,53
343,6,9,10,17,20,26,48,55,63,69
344,1,7,8,16,29,30,43,48,51,52
345,9,13,18,45,48,53,55,61,62,70
346,7,13,14,24,36,41,46,52,63,66
347,13,28,29,34,36,43,45,50,51,56
348,12,13,15,19,38,46,48,53,55,62
349,5,10,19,31,36,47,49,52,54,70
350,4,6,14,35,55,56,59,67,69,70
351,17,22,37,43,47,52,63,65,67,69
352,14,17,34,42,45,58,59,61,66,67
353,16,23,38,39,42,43,45,46,49,58
354,4,7,18,24,27,30,37,42,50,67
355,5,9,33,37,47,49,61,62,65,70
356,20,27,47,50,51,57,59,61,67,68
357,2,5,8,10,13,29,37,50,58,59
358,1,4,10,20,27,43,52,54,57,69
359,1,10,31,34,38,44,45,49,59,66
360,6,15,18,20,30,34,50,51,61,67
361,2,3,22,33,37,39,56,60,62,67
362,8,20,23,37,50,52,55,61,62,65
363,18,23,30,47,49,53,55,56,57,69
364,11,16,19,35,41,44,48,51,57,68
365,2,33,41,48,50,54,59,61,62,65
366,23,36,46,48,53,54,57,63,64,67
367,9,23,26,32,36,43,48,50,58,60
368,6,14,18,22,24,25,38,40,61,67
369,5,9,21,26,39,44,48,56,61,67
370,12,18,31,40,42,49,57,59,68,69
371,6,9,14,18,19,30,51,53,55,61
372,13,17,26,27,29,32,33,40,47,70
373,13,14,20,24,29,36,44,49,53,63
374,16,22,27,34,40,43,50,51,59,69
375,1,5,6,7,10,21,23,29,55,70
376,12,14,17,20,21,32,41,55,61,66
377,1,9,12,19,25,28,47,52,67,68
378,4,17,22,39,40,45,48,54,68,69
379,3,13,15,18,24,32,33,53,60,69
380,5,8,13,19,23,49,57,59,63,69
381,8,35,40,41,42,48,52,54,60,70
382,5,6,27,34,37,43,45,63,64,66
383,6,15,30,39,45,48,50,55,65,66
384,2,3,13,16,25,38,49,53,60,69
385,7,10,18,26,32,37,38,44,56,65
386,2,3,4,15,40,53,56,57,63,70
387,5,9,14,27,29,42,55,61,64,69
388,2,11,25,29,43,46,47,49,63,64
389,10,11,15,21,23,36,43,49,51,66
390,1,2,6,7,20,37,41,48,60,63
391,1,4,11,12,40,55,57,59,60,67
392,6,13,22,30,32,36,39,44,51,67
393,12,13,31,42,51,52,61,65,67,69
394,2,3,14,15,28,37,47,51,55,63
395,5,7,8,14,17,19,29,38,41,58
396,3,6,7,13,36,42,43,56,68,69
397,2,13,21,34,36,44,45,47,53,70
398,11,15,24,29,34,36,42,60,62,66
399,5,17,22,31,37,42,52,63,68,69
400,1,8,9,14,25,41,54,55,61,70
401,3,6,8,10,14,32,47,59,61,67
402,1,2,9,11,29,34,40,49,64,66
403,13,14,20,27,38,42,51,60,66,70
404,4,11,20,23,24,27,34,39,50,58
405,2,7,20,33,35,41,47,54,55,56
406,2,3,4,6,13,16,17,50,58,68
407,2,8,12,18,21,31,34,45,60,61
408,3,4,11,12,35,52,62,63,65,67
409,13,24,30,41,44,45,51,54,57,61
410,1,9,11,16,18,20,45,46,67,68
411,11,12,15,17,32,41,46,55,57,61
412,6,8,14,28,33,42,45,60,61,68
413,6,24,25,44,47,52,57,58,60,61
414,8,21,24,31,43,51,58,62,63,69
415,7,15,21,32,34,44,48,59,61,70
416,1,15,26,47,51,52,57,61,64,67
417,5,7,8,13,17,31,45,47,54,57
418,4,9,10,25,32,34,46,60,61,62
419,6,11,21,22,30,32,36,51,62,70
420,13,19,21,26,29,30,36,61,62,64
421,3,8,12,21,22,30,32,41,43,67
422,4,12,20,21,23,44,46,49,53,68
423,9,18,25,26,33,39,43,51,58,69
424,10,16,26,30,38,39,44,58,59,64
425,2,5,21,28,34,39,40,56,60,61
426,9,29,31,45,50,53,56,57,62,65
427,4,12,25,31,35,51,56,60,62,67
428,6,7,10,13,20,37,38,52,57,63
429,1,13,14,15,35,36,40,56,62,68
430,9,41,42,44,45,53,56,60,63,66
431,8,10,13,22,30,34,39,46,56,60
432,13,28,30,33,36,41,44,53,55,67
433,20,23,28,31,37,38,41,42,56,69
434,13,15,31,33,38,41,43,56,60,66
435,8,14,19,25,36,37,51,52,56,68
436,13,25,28,36,47,48,54,55,58,69
437,3,7,13,24,37,54,55,63,64,66
438,7,23,30,35,48,51,56,59,62,64
439,5,15,32,33,34,43,49,53,62,65
440,3,4,20,25,37,40,47,53,54,70
441,5,7,11,16,24,27,46,50,55,65
442,2,6,7,9,10,27,37,39,42,67
443,6,16,20,40,41,57,60,63,65,67
444,2,8,26,32,37,42,43,47,54,67
445,5,9,20,30,35,39,45,54,55,65
446,1,10,18,24,27,43,49,52,61,65
447,2,5,6,17,19,26,42,48,51,52
448,8,11,21,35,37,48,53,54,60,70
449,5,10,32,38,39,46,49,52,53,61
450,5,13,17,21,31,54,55,56,63,65
451,3,4,6,8,17,29,32,34,36,64
452,2,6,7,8,16,18,29,41,58,65
453,6,9,21,23,39,47,57,59,61,68
454,2,8,12,20,36,43,49,60,68,69
455,12,18,20,34,45,46,47,50,63,68
456,6,7,11,17,35,48,52,56,59,65
457,7,25,26,27,38,43,44,54,61,64
458,30,35,37,38,46,53,59,60,62,67
459,6,19,21,22,30,33,42,47,52,66
460,2,6,15,28,30,39,40,46,51,65
461,2,5,15,17,33,40,47,50,61,69
462,5,7,16,22,24,27,29,40,42,61
463,2,5,19,25,27,34,44,50,51,66
464,16,21,39,44,46,53,54,59,61,68
465,3,4,8,24,29,32,48,49,50,63
466,1,2,8,34,35,40,41,53,57,68
467,3,29,33,39,43,44,49,53,60,68
468,3,17,22,25,26,37,45,51,56,58
469,1,10,22,29,37,38,46,48,50,59
470,3,10,22,32,37,42,55,57,66,69
471,8,18,19,27,29,36,42,54,55,59
472,4,11,18,20,25,27,56,59,61,67
473,9,14,23,28,33,41,50,51,63,65
474,1,2,11,12,26,31,43,49,62,69
475,3,18,27,31,36,45,52,56,63,69
476,10,27,30,31,35,40,47,60,66,67
477,6,7,8,17,24,25,39,52,62,63
478,4,7,18,19,24,33,35,42,65,68
479,18,19,24,35,37,41,49,53,59,61
480,1,8,14,30,32,33,34,36,43,69
481,4,9,21,23,52,56,58,61,64,68
482,9,28,32,33,35,42,44,53,56,57
483,5,8,10,12,31,34,35,37,61,67
484,2,20,24,34,42,46,51,53,64,68
485,11,15,19,24,31,40,41,52,55,57
486,15,16,30,42,44,49,50,58,67,69
487,6,7,13,17,25,31,33,44,54,55
488,5,8,23,26,27,36,39,48,60,64
489,10,12,19,24,27,36,43,46,53,68
490,6,13,24,28,32,40,51,54,63,68
491,2,4,22,25,26,28,33,36,40,61
492,1,2,3,13,16,29,41,53,64,69
493,4,6,12,13,30,46,48,51,59,67
494,17,25,27,36,40,42,46,53,61,66
495,5,7,18,25,27,29,34,46,49,51
496,11,13,15,17,26,35,40,49,52,66
497,2,3,16,31,35,37,43,50,54,67
498,4,10,19,28,36,47,48,67,68,69
499,8,9,10,11,27,38,42,43,62,67
500,9,12,16,17,24,29,56,66,67,69
501,17,21,24,26,31,43,49,54,62,67
502,2,7,14,17,45,56,60,67,68,70
503,12,19,20,22,38,39,45,46,57,69
504,10,23,40,41,46,48,49,57,59,70
505,24,25,27,35,37,43,44,62,66,67
506,2,25,33,37,45,47,50,58,61,67
507,3,4,23,26,27,28,36,44,47,67
508,5,17,20,25,28,30,37,62,64,70
509,1,3,8,21,22,25,49,50,57,67
510,5,12,17,22,36,39,57,62,63,67
511,10,16,20,23,33,37,46,51,53,55
512,4,20,26,29,31,39,41,43,56,66
513,4,10,11,24,28,32,38,42,53,56
514,23,24,26,32,39,45,50,52,58,63
515,7,8,19,28,41,48,49,50,65,67
516,6,9,19,21,29,30,41,57,61,64
517,4,22,28,30,33,37,47,52,54,66
518,5,13,14,17,18,26,38,45,60,64
519,3,15,30,32,33,40,42,44,57,68
520,5,11,14,17,18,29,34,48,50,69
521,3,5,7,12,16,30,34,51,67,70
522,16,20,25,36,44,47,48,52,58,68
523,15,19,26,35,37,40,57,65,67,69
524,2,7,14,19,27,28,42,48,61,62
525,2,5,8,9,27,40,42,62,66,68
526,7,23,28,29,32,33,50,57,61,67
527,8,16,22,27,31,36,49,57,60,64
528,2,4,6,9,22,25,42,47,51,61
529,2,11,14,32,48,49,61,64,65,70
530,3,17,20,27,28,32,34,51,62,67
531,6,16,18,21,26,30,31,47,64,66
532,3,17,20,27,33,39,49,50,65,66
533,4,5,8,10,13,24,26,42,57,65
534,17,20,27,28,30,39,43,50,52,54
535,1,3,4,14,15,18,29,33,35,49
536,3,5,23,41,48,50,51,58,65,67
537,6,18,21,33,34,44,45,59,61,66
538,6,9,17,19,28,47,50,55,61,69
539,4,17,24,27,28,29,41,44,53,55
540,19,23,28,32,38,40,41,53,68,69
541,4,5,6,8,26,33,40,48,53,54
542,1,10,21,24,35,38,56,59,64,65
543,20,28,40,43,46,57,59,60,61,67
544,4,9,12,25,30,31,32,33,34,53
545,17,25,29,34,39,42,47,54,62,69
546,15,16,17,22,23,24,26,27,53,61
547,2,4,5,32,34,42,43,54,66,69
548,6,15,23,27,37,44,45,57,59,60
549,3,8,11,23,36,42,43,51,54,64
550,12,19,23,27,32,36,41,65,66,69
551,4,17,23,28,38,40,44,56,65,69
552,14,16,17,25,34,36,65,67,68,70
553,3,7,21,31,42,46,53,66,68,69
554,3,20,36,40,44,46,58,60,63,69
555,2,10,12,37,38,42,47,49,54,65
556,5,16,24,36,37,42,47,61,62,63
557,28,29,31,35,46,48,54,57,62,67
558,9,11,14,26,28,42,47,57,61,67
559,4,11,28,32,33,43,44,57,65,69
560,5,7,21,22,34,45,47,57,64,66
561,2,27,33,40,44,45,46,63,67,70
562,4,10,11,16,22,23,43,46,50,56
563,6,21,25,27,30,34,37,41,52,54
564,5,27,37,38,44,56,59,64,66,69
565,6,7,28,35,50,51,52,54,58,66
566,9,10,14,20,36,41,43,51,65,69
567,8,17,23,24,25,34,35,42,56,65
568,14,18,32,33,42,46,49,51,64,70
569,15,17,24,40,41,42,44,48,61,70
570,17,21,23,25,28,31,37,48,51,67
571,1,10,15,20,25,32,48,53,57,60
572,4,13,17,19,21,39,43,50,55,66
573,3,11,14,19,34,35,37,48,61,70
574,10,16,29,41,45,49,52,57,61,62
575,3,10,13,34,42,48,52,55,68,69
576,1,4,6,11,30,35,52,55,65,66
577,7,11,12,29,30,37,41,48,59,63
578,13,17,27,45,54,59,60,65,66,68
579,4,5,11,20,29,34,35,44,49,69
580,1,7,14,31,35,41,46,50,52,53
581,4,7,8,15,22,23,31,34,62,63
582,13,14,22,30,41,43,54,55,63,68
583,3,18,27,30,33,48,60,62,64,70
584,2,3,9,11,13,44,47,52,53,67
585,3,8,9,10,24,40,41,52,69,70
586,1,6,13,34,37,47,53,54,63,65
587,6,12,15,35,40,44,45,49,51,69
588,1,6,10,22,39,42,44,45,48,62
589,2,4,13,17,34,43,48,51,60,69
590,16,20,21,36,43,49,54,60,61,66
591,16,20,31,32,33,41,46,59,61,69
592,1,5,19,28,30,36,38,42,51,67
593,16,17,20,36,37,44,52,68,69,70
594,8,21,23,25,26,54,59,66,67,69
595,4,6,8,16,23,26,39,65,66,68
596,8,9,16,28,36,42,45,46,50,60
597,4,9,11,17,19,24,44,63,64,65
598,17,20,24,27,37,50,61,62,68,70
599,5,14,16,18,25,35,40,41,57,64
600,2,7,9,18,32,42,52,54,56,58
601,1,13,15,18,29,31,47,55,59,66
602,10,26,27,29,46,51,52,53,60,61
603,10,19,24,27,37,38,45,50,63,70
604,20,24,35,36,40,42,55,58,63,65
605,3,21,34,35,45,47,51,55,59,69
606,7,18,21,31,40,44,49,54,61,66
607,2,8,10,18,23,36,37,47,64,66
608,2,7,18,29,31,36,41,45,47,62
609,18,19,29,35,50,51,54,60,67,68
610,3,4,12,23,26,28,29,33,38,47
611,2,4,8,9,12,20,30,52,55,58
612,2,5,10,12,15,18,31,34,40,41
613,1,5,17,24,27,31,34,45,55,68
614,7,29,31,47,56,57,58,60,67,69
615,1,8,9,18,36,37,40,52,62,63
616,6,26,35,43,45,46,47,49,57,66
617,3,11,15,22,25,35,40,43,48,60
618,6,26,27,30,31,33,37,51,52,57
619,3,5,27,31,44,60,63,64,65,67
620,4,9,19,25,29,32,36,44,52,62
621,6,8,27,28,30,35,36,42,48,60
622,9,14,15,27,34,45,52,61,62,70
623,7,10,15,17,24,26,27,31,33,34
624,1,7,15,29,30,41,43,51,52,70
625,9,13,17,24,37,47,63,64,65,70
626,10,13,16,23,26,32,50,51,59,67
627,10,12,17,20,32,34,49,51,52,69
628,6,7,17,23,24,29,54,60,63,65
629,2,3,5,8,37,48,54,55,59,60
630,21,22,29,33,35,38,43,54,58,60
631,2,4,25,26,31,37,44,54,56,60
632,3,5,8,23,41,60,63,64,67,69
633,6,10,12,16,32,38,43,51,59,64
634,13,21,31,36,43,46,49,51,57,66
635,9,11,14,22,23,31,33,47,51,59
636,2,5,9,16,24,29,36,45,47,49
637,4,8,15,19,23,26,32,33,37,43
638,2,9,10,23,25,29,30,34,43,49
639,2,6,17,27,28,31,38,39,57,65
640,5,15,16,20,23,28,39,40,47,57
641,5,7,18,42,45,48,52,63,65,68
642,1,19,26,31,35,38,40,41,50,51
643,2,5,11,20,22,26,32,33,57,68
644,13,16,20,30,35,42,56,57,60,61
645,16,20,21,24,28,29,34,44,60,66
646,4,9,12,16,17,19,35,42,57,62
647,6,9,27,30,34,37,58,62,64,70
648,6,9,16,17,21,41,44,53,62,67
649,8,18,27,35,37,42,46,67,68,69
650,3,10,14,15,16,26,27,33,48,55
651,11,12,17,27,29,32,44,59,64,67
652,2,11,13,25,31,34,35,53,65,67
653,6,9,19,24,26,36,37,39,40,43
654,2,9,12,20,23,35,37,47,61,62
655,2,33,34,38,40,41,44,49,50,66
656,1,4,17,42,43,46,50,61,64,67
657,14,15,17,19,21,37,44,51,59,63
658,14,20,24,32,34,37,39,44,56,59
659,3,5,18,32,34,37,42,46,67,70
660,7,15,16,34,37,40,53,56,62,65
661,5,12,13,22,25,37,45,59,64,68
662,1,2,11,24,31,54,60,66,67,68
663,1,8,13,19,27,29,41,54,59,66
664,17,21,32,44,49,53,60,61,66,67
665,16,17,21,30,32,36,44,53,54,69
666,5,18,19,25,38,51,52,58,64,67
667,4,7,9,10,11,20,26,33,34,46
668,2,3,17,39,50,52,58,59,62,68
669,3,4,7,11,16,17,25,51,52,54
670,3,5,8,19,35,40,45,52,58,63
671,5,9,10,26,39,40,42,45,58,61
672,1,28,30,31,37,44,47,53,55,57
673,8,9,10,14,29,30,45,49,57,70
674,15,18,29,32,35,42,50,53,58,59
675,4,9,21,24,40,42,53,56,60,69
676,1,8,10,29,46,54,59,61,63,70
677,2,15,16,19,23,25,39,56,63,70
678,3,5,8,14,30,34,40,41,45,50
679,13,16,20,26,33,36,40,47,53,60
680,9,13,19,21,23,24,44,45,56,61
681,4,11,12,14,25,41,55,64,65,70
682,5,7,14,30,34,38,40,41,57,58
683,1,5,11,17,25,31,37,44,50,69
684,19,25,27,39,41,42,43,55,63,68
685,4,12,15,17,21,32,40,44,53,57
686,8,15,17,23,29,34,49,51,63,67
687,2,5,30,41,47,52,54,63,65,66
688,7,12,27,32,33,41,54,55,61,70
689,9,14,18,37,50,61,64,67,68,70
690,1,13,24,28,32,42,48,54,57,63
691,5,39,44,47,54,58,60,63,64,70
692,6,10,20,23,26,31,35,56,57,61
693,3,10,29,33,34,44,47,62,66,68
694,4,11,19,29,34,35,48,49,54,66
695,1,10,11,13,17,20,41,55,57,59
696,5,14,17,22,23,24,32,35,37,61
697,2,9,10,20,22,27,36,39,53,69
698,2,3,6,14,21,26,33,45,53,69
699,7,14,33,35,42,50,52,53,54,56
700,18,19,23,24,28,37,39,45,54,69
701,7,10,12,18,20,29,36,47,64,67
702,1,3,5,22,25,28,34,40,45,60
703,10,13,17,21,25,27,28,36,41,65
704,7,8,12,15,16,21,30,54,63,66
705,7,19,31,33,34,42,47,52,56,58
706,2,8,21,32,39,43,46,47,66,68
707,1,17,21,22,30,37,42,50,52,54
708,9,21,28,32,34,44,47,56,61,70
709,1,2,11,30,34,54,58,59,64,67
710,5,14,18,24,33,40,46,48,52,59
711,29,31,32,34,35,54,55,56,59,70
712,6,10,13,18,21,31,32,56,61,62
713,1,6,11,13,17,20,38,41,59,66
714,2,5,17,18,38,40,44,46,49,54
715,8,9,12,13,16,18,35,36,46,55
716,2,8,16,17,18,29,41,42,53,54
717,16,23,24,25,38,43,49,50,58,59
718,7,14,20,31,39,44,45,55,56,68
719,14,23,27,29,31,37,46,47,54,67
720,7,26,27,33,39,49,52,58,60,66
721,5,22,26,28,31,44,45,47,58,67
722,4,5,6,9,17,28,35,58,63,64
723,6,18,19,28,39,47,51,53,58,61
724,1,5,16,17,29,30,32,38,41,59
725,7,10,27,31,32,49,52,54,62,70
726,12,18,22,25,39,42,43,44,50,70
727,8,12,24,30,41,46,59,62,65,67
728,18,21,22,27,34,45,50,61,67,70
729,6,8,17,18,29,31,47,54,60,66
730,11,12,13,21,24,28,44,57,62,64
731,1,7,8,20,33,42,49,61,62,66
732,10,27,28,33,46,58,63,64,66,69
733,8,13,16,24,36,37,50,60,64,65
734,4,7,13,38,39,44,51,53,61,66
735,11,18,23,28,29,40,50,63,67,69
736,2,4,15,20,31,39,46,50,51,58
737,4,7,9,10,41,49,50,54,59,70
738,12,16,21,24,27,28,31,41,65,69
739,3,16,20,31,34,36,40,51,63,65
740,1,10,13,18,24,28,36,42,44,45
741,1,8,18,22,27,34,35,44,47,64
742,5,20,32,35,37,42,44,48,65,69
743,2,3,9,11,14,18,32,34,57,64
744,5,17,19,31,33,34,44,52,62,69
745,3,16,22,23,24,29,33,48,53,62
746,7,11,13,14,24,50,52,54,56,59
747,1,16,33,45,48,50,54,60,62,65
748,8,10,11,26,28,35,41,42,45,60
749,3,10,11,33,34,35,37,38,46,53
750,8,10,17,18,26,27,30,35,38,43
751,21,23,31,32,33,38,39,45,62,66
752,4,8,9,15,32,43,53,62,63,69
753,5,21,23,35,36,37,44,53,56,70
754,11,13,18,32,34,37,38,41,61,67
755,2,9,26,30,32,36,41,57,62,69
756,22,41,48,50,53,59,62,64,67,68
757,17,19,20,30,35,37,39,50,52,55
758,8,10,12,17,25,28,31,32,55,67
759,5,12,16,25,29,34,41,45,48,54
760,14,25,27,28,29,40,46,52,53,70
761,1,5,13,29,41,46,59,61,65,70
762,2,18,19,25,34,41,55,58,61,65
763,2,4,6,36,42,49,56,57,59,60
764,2,4,8,9,32,38,43,44,56,62
765,1,11,23,35,57,62,63,64,68,70
766,1,4,5,7,15,20,34,42,63,70
767,17,20,31,39,41,42,44,47,66,67
768,2,24,42,45,46,50,51,58,63,64
769,3,13,28,29,35,44,50,54,61,68
770,32,40,47,48,49,50,61,63,65,69
771,2,14,25,30,37,43,45,51,52,61
772,4,6,7,17,24,34,41,43,50,54
773,5,9,13,17,27,32,39,41,44,55
774,3,5,6,8,19,21,22,31,45,61
775,5,19,23,25,31,34,36,37,38,50
776,14,15,17,28,30,35,40,47,62,63
777,9,10,11,13,18,42,45,60,61,64
778,4,9,16,17,41,46,47,52,54,70
779,4,6,10,27,31,37,41,42,63,66
780,3,11,22,26,28,32,44,54,57,65
781,3,13,14,21,22,36,37,55,57,67
782,3,5,11,29,32,40,44,49,57,65
783,5,10,11,38,50,57,60,63,65,69
784,18,24,25,29,38,42,51,55,66,68
785,3,22,26,31,38,44,51,57,64,67
786,1,3,22,30,32,37,40,42,62,67
787,2,11,17,33,38,39,51,53,55,58
788,18,26,27,45,57,59,61,66,68,70
789,7,8,12,20,22,39,41,42,63,67
790,3,12,18,23,29,30,31,41,52,53
791,12,19,20,24,30,36,43,53,58,59
792,5,8,23,26,27,33,45,57,58,62
793,4,8,14,20,24,43,45,52,57,67
794,2,12,16,27,44,56,58,62,67,68
795,10,13,19,29,36,39,44,57,61,65
796,5,7,10,13,25,34,40,41,58,59
797,2,3,6,30,31,44,45,50,53,66
798,10,14,27,30,33,39,56,59,61,70
799,2,15,22,30,33,34,37,45,46,54
800,2,3,4,16,19,29,49,50,60,69
801,9,14,16,25,29,34,39,42,52,62
802,2,7,15,29,35,38,40,41,51,65
803,4,8,9,21,22,32,34,46,60,69
804,1,8,13,23,27,28,34,36,54,57
805,1,8,13,17,34,37,47,48,54,59
806,3,14,18,45,46,48,58,61,67,70
807,10,16,20,21,27,30,36,39,43,70
808,4,9,21,23,24,35,36,37,46,69
809,13,14,21,39,40,43,47,49,63,65
810,1,3,27,34,48,49,51,52,62,66
811,3,18,19,30,35,39,44,51,52,67
812,8,20,34,36,37,44,51,60,68,70
813,19,29,34,39,40,49,51,57,59,61
814,3,7,8,15,18,27,30,42,47,52
815,6,15,19,20,35,46,52,53,57,59
816,1,6,9,14,17,19,40,46,51,65
817,4,13,14,22,24,34,38,41,56,63
818,15,16,27,28,44,46,52,56,65,66
819,4,32,38,50,51,52,55,65,69,70
820,6,9,11,14,21,35,37,47,64,67
821,3,12,30,31,38,46,48,67,68,70
822,1,9,25,30,39,42,43,68,69,70
823,6,10,17,37,43,45,58,61,63,66
824,4,6,14,21,24,28,37,41,48,54
825,6,10,14,27,31,49,51,59,61,65
826,3,4,5,10,20,34,39,46,49,63
827,4,6,7,9,10,31,47,48,68,69
828,1,3,14,25,33,34,39,47,51,60
829,3,8,10,17,21,25,27,31,55,65
830,8,10,22,26,27,34,39,43,61,64
831,3,22,23,26,43,49,53,54,61,66
832,7,13,22,24,28,35,39,50,66,67
833,3,5,6,8,13,15,22,26,37,51
834,23,34,35,36,39,46,47,53,58,66
835,1,14,19,26,27,29,47,49,52,55
836,10,12,21,31,42,57,58,60,64,70
837,11,18,23,37,45,47,49,50,60,65
838,2,3,14,15,22,60,62,63,65,70
839,4,15,24,27,30,33,42,56,57,68
840,9,10,16,20,50,53,56,58,60,65
841,4,8,16,17,30,34,36,38,41,68
842,7,15,23,33,41,45,46,51,52,67
843,5,18,31,41,44,46,51,53,64,70
844,3,8,22,25,41,42,43,58,67,70
845,3,19,21,24,28,42,43,49,56,69
846,5,7,16,23,36,39,44,45,55,61
847,5,11,25,34,36,39,42,67,69,70
848,6,8,13,17,27,28,46,47,58,67
849,7,9,12,14,15,26,45,47,69,70
850,1,6,17,35,36,44,54,57,61,64
851,17,22,23,26,50,53,54,58,63,69
852,1,6,18,19,44,49,59,63,66,69
853,2,17,18,19,24,34,38,40,41,46
854,7,10,20,25,34,39,40,45,60,66
855,2,3,14,32,45,51,54,58,62,67
856,40,42,47,51,52,57,58,60,61,65
857,2,8,9,16,17,27,49,68,69,70
858,12,13,17,19,34,41,55,61,63,68
859,2,3,5,25,28,30,34,39,45,67
860,1,8,18,28,29,41,48,52,54,66
861,1,3,6,14,17,19,27,28,39,55
862,3,9,24,37,42,43,48,53,60,67
863,6,17,18,20,26,31,39,42,45,61
864,8,14,16,18,20,32,38,47,54,67
865,2,8,15,20,24,25,27,46,49,63
866,12,13,14,15,30,46,50,52,60,68
867,27,29,30,32,45,46,52,53,67,70
868,4,7,8,13,25,32,45,56,58,63
869,9,16,22,28,32,33,40,52,63,67
870,10,13,26,27,40,42,45,47,61,70
871,3,13,17,37,41,46,51,54,58,67
872,3,22,26,31,34,44,45,50,62,68
873,11,27,31,35,37,42,53,58,64,68
874,5,6,16,33,45,55,59,61,65,70
875,2,10,26,34,42,45,46,50,58,62
876,3,5,10,12,35,38,44,49,66,68
877,5,7,21,22,27,30,34,41,45,64
878,2,8,13,15,16,29,40,42,43,49
879,10,18,24,27,33,35,40,44,46,50
880,2,4,8,16,19,20,38,61,67,69
881,4,8,9,20,29,33,41,54,62,67
882,3,10,16,32,33,34,48,63,66,69
883,7,13,14,22,26,31,43,47,55,70
884,2,6,11,22,47,50,62,66,67,70
885,17,19,23,43,46,48,49,52,55,66
886,10,16,22,35,41,46,48,53,60,62
887,9,21,24,27,32,39,43,45,56,69
888,2,3,15,23,25,40,49,60,61,67
889,1,7,10,17,23,46,58,59,62,66
890,9,19,24,27,45,49,53,57,59,61
891,6,7,11,14,29,41,43,52,67,69
892,17,26,37,39,42,43,50,55,58,66
893,3,4,7,13,28,32,57,65,69,70
894,7,8,10,23,24,26,36,50,60,67
895,2,3,11,17,29,30,32,35,47,54
896,6,33,34,41,43,48,53,56,62,69
897,8,12,18,45,46,48,52,60,62,64
898,1,7,15,19,21,23,40,45,62,68
899,4,7,8,9,18,42,46,47,62,69
900,11,15,24,27,32,37,39,45,46,59
901,6,20,22,37,44,48,53,59,67,68
902,10,13,17,18,20,23,36,40,52,58
903,2,13,14,18,19,34,43,49,57,70
904,4,20,25,29,32,37,39,49,51,54
905,2,3,24,38,47,54,56,59,61,66
906,17,28,32,38,41,44,53,59,68,70
907,5,16,17,23,44,47,49,54,57,67
908,8,16,17,22,34,38,44,48,51,55
909,7,13,24,25,30,39,40,48,67,69
910,3,13,21,22,24,31,34,53,57,68
911,10,22,33,36,39,43,47,48,52,66
912,8,14,24,44,48,58,61,62,63,65
913,3,7,15,18,25,31,34,35,44,64
914,13,14,20,34,37,54,59,62,67,70
915,3,11,13,26,28,53,55,60,61,67
916,16,18,20,22,26,34,36,46,53,55
917,8,10,15,26,29,32,45,54,56,57
918,12,16,22,28,38,39,44,48,50,68
919,3,13,14,27,30,32,33,50,61,65
920,10,12,13,22,25,26,27,44,47,53
921,9,10,20,24,40,41,53,56,63,68
922,4,16,18,30,39,40,51,61,67,68
923,7,9,14,31,34,54,59,60,62,67
924,1,19,39,46,47,56,57,60,62,64
925,8,12,24,31,35,37,40,41,42,56
926,9,15,17,35,43,46,56,61,67,69
927,2,3,20,24,30,34,37,43,45,53
928,1,4,15,16,32,39,47,57,58,70
929,11,19,22,25,34,36,38,41,50,61
930,8,27,36,37,42,44,52,53,55,56
931,2,3,13,22,34,39,52,53,57,64
932,4,8,16,21,39,54,63,64,66,70
933,3,4,17,26,29,32,34,44,53,70
934,8,26,29,38,39,43,49,62,64,69
935,3,9,35,37,43,59,61,62,66,70
936,1,4,8,20,26,30,38,45,64,70
937,7,10,24,54,56,58,59,64,69,70
938,2,16,22,24,27,31,36,47,64,68
939,1,11,23,27,42,43,46,56,58,62
940,5,27,32,35,37,45,60,65,67,68
941,1,9,17,18,20,27,56,59,60,70
942,10,19,24,31,46,52,53,59,61,69
943,6,8,10,18,37,39,49,56,59,61
944,2,3,9,19,27,33,45,47,50,52
945,11,19,28,32,43,44,57,60,61,62
946,11,27,33,36,51,58,61,63,64,67
947,10,12,17,19,21,24,37,41,45,48
948,2,4,11,16,21,25,28,31,32,58
949,2,10,21,23,27,31,34,36,47,58
950,14,20,23,25,26,34,44,46,52,58
951,2,8,10,21,22,30,33,34,39,49
952,9,21,24,30,51,53,54,60,66,70
953,2,4,7,15,27,33,41,49,58,69
954,13,20,28,30,32,34,35,36,50,67
955,3,22,26,40,42,45,52,53,57,67
956,2,15,24,31,32,34,38,40,46,58
957,12,34,37,38,39,49,51,58,59,65
958,3,5,12,19,22,30,37,38,48,63
959,2,24,31,33,39,43,49,54,56,63
960,2,15,17,28,31,33,51,52,60,63
961,7,10,16,21,24,36,43,49,53,68
962,5,17,27,31,36,42,44,60,61,65
963,12,13,20,21,37,56,60,65,68,69
964,1,13,17,24,26,29,35,43,61,63
965,2,5,7,16,26,35,43,44,58,70
966,6,30,40,41,43,44,47,48,55,68
967,2,10,11,23,25,26,38,40,51,59
968,2,3,6,14,26,34,40,42,56,67
969,17,20,21,36,41,43,55,56,58,63
970,3,8,10,16,23,30,33,38,48,66
971,16,19,29,35,45,46,54,59,65,68
972,4,15,17,21,29,37,60,61,65,69
973,1,3,4,9,34,37,53,59,60,63
974,11,14,15,17,19,26,33,37,48,63
975,12,17,20,28,40,43,55,66,67,69
976,4,16,20,22,26,27,28,44,64,66
977,1,14,43,46,47,54,58,61,65,69
978,9,15,27,28,30,36,40,44,50,61
979,1,12,14,15,31,33,35,49,64,66
980,23,27,43,44,48,50,52,63,64,66
981,13,17,18,30,35,37,45,57,59,70
982,6,9,11,32,33,41,43,49,61,65
983,9,10,16,24,26,30,37,40,50,51
984,2,3,17,22,29,34,40,42,47,66
985,2,3,15,16,22,27,50,55,60,65
986,2,5,17,18,19,29,34,36,40,70
987,2,3,26,31,46,47,54,55,63,68
988,3,12,25,40,44,50,51,54,56,58
989,7,13,17,18,26,36,45,55,57,59
990,2,4,22,24,31,41,42,49,51,58
991,15,34,37,43,48,50,51,53,65,69
992,2,4,5,9,15,18,22,26,36,66
993,14,18,29,39,45,50,57,62,64,70
994,2,8,18,29,34,36,49,50,53,56
995,3,11,12,13,14,32,33,35,40,66
996,8,14,17,18,29,30,47,49,51,61
997,10,12,29,38,39,50,56,58,62,70
998,1,5,16,31,35,47,52,53,64,65
999,1,8,12,15,22,28,31,32,33,57
1000,8,13,14,21,36,43,55,57,61,64
1001,4,6,23,27,39,41,43,62,67,69
1002,1,5,9,14,16,24,41,44,52,59
1003,6,7,10,13,33,38,39,41,60,68
1004,12,16,18,20,35,42,48,60,62,68
1005,3,18,24,30,33,35,37,54,61,67
1006,1,9,12,25,27,28,32,39,48,53
1007,12,13,31,34,36,42,43,48,49,53
1008,3,5,10,14,31,47,48,57,59,65
1009,11,14,26,28,35,47,48,50,51,56
1010,3,8,19,23,24,29,30,31,51,55
1011,6,20,28,32,39,44,48,54,62,68
1012,14,16,21,23,28,44,47,54,64,66
1013,13,14,18,22,34,51,54,55,56,67
1014,5,11,18,31,33,38,46,48,51,70
1015,6,9,18,19,25,33,50,56,58,61
1016,2,3,7,8,26,31,37,45,49,57
1017,5,6,25,26,35,38,41,54,63,68
1018,15,17,22,33,38,40,46,56,66,69
1019,2,5,10,11,22,23,35,42,44,54
1020,24,25,29,38,39,43,51,53,54,59
1021,7,15,28,29,30,49,53,60,66,68
1022,2,5,16,25,26,38,46,60,63,69
1023,2,7,44,46,48,49,55,57,59,69
1024,1,8,22,24,25,34,36,40,63,64
1025,1,6,9,11,18,36,37,45,62,70
1026,1,2,9,10,23,37,45,47,53,70
1027,7,11,20,31,55,56,57,63,66,69
1028,2,5,7,23,28,40,42,50,61,63
1029,17,28,30,37,46,47,60,64,65,69
1030,11,13,25,27,33,35,45,59,68,70
1031,12,14,24,37,40,42,47,48,53,70
1032,1,2,8,24,29,30,35,40,61,62
1033,4,6,11,23,27,43,49,53,60,66
1034,1,4,13,23,32,38,46,51,61,62
1035,2,7,19,24,25,29,33,35,56,61
1036,4,5,16,18,23,25,39,47,60,70
1037,10,12,21,23,46,53,57,60,66,70
1038,3,17,21,22,23,32,48,49,52,60
1039,9,10,28,35,36,37,38,59,60,65
1040,4,11,31,42,46,53,55,57,61,64
1041,3,4,11,27,35,48,55,63,64,70
1042,5,11,23,24,25,29,34,40,65,66
1043,1,3,4,9,24,42,54,58,59,68
1044,8,10,29,33,46,50,52,53,61,64
1045,18,19,31,32,38,44,48,61,64,65
1046,6,18,19,36,43,53,55,58,59,60
1047,1,25,27,34,39,44,46,59,63,68
1048,12,13,29,31,33,35,52,53,57,60
1049,9,11,22,26,27,42,44,57,66,68
1050,3,4,6,30,35,61,63,64,67,68
1051,4,7,13,28,31,42,58,60,62,68
1052,4,15,26,29,44,45,49,53,60,64
1053,1,2,10,13,30,34,38,54,68,69
1054,2,23,27,41,43,45,59,61,62,67
1055,15,20,29,42,47,49,52,53,60,62
1056,3,26,38,42,48,50,58,59,62,63
1057,4,7,10,21,25,32,33,43,49,59
1058,5,24,32,35,37,40,45,56,58,67
1059,11,14,25,47,48,49,51,53,58,69
1060,19,29,30,42,44,49,59,61,63,64
1061,4,6,12,19,22,27,53,55,58,60
1062,2,3,11,14,22,23,31,45,51,64
1063,1,2,4,8,16,17,22,41,63,65
1064,2,6,7,10,15,29,32,51,63,65
1065,3,7,10,23,35,56,60,67,69,70
1066,5,9,15,18,20,49,51,55,61,67
1067,8,9,16,25,27,32,43,49,60,62
1068,2,22,27,30,33,40,41,42,44,46
1069,2,4,18,26,37,39,54,55,62,68
1070,2,11,21,28,47,51,64,65,67,69
1071,2,6,13,14,18,32,43,46,50,51
1072,1,12,17,18,28,29,47,52,55,70
1073,3,8,17,37,38,40,41,56,62,66
1074,6,10,15,36,41,47,60,63,64,65
1075,2,11,15,20,24,46,52,57,64,66
1076,1,3,5,30,36,41,48,50,56,59
1077,3,6,10,11,13,18,20,33,39,66
1078,2,6,8,15,22,35,38,54,56,65
1079,13,14,24,25,28,34,41,50,55,67
1080,5,7,23,30,37,40,45,53,57,60
1081,2,11,16,27,48,59,63,65,67,69
1082,2,10,21,28,39,42,44,45,52,66
1083,3,5,6,7,8,12,40,42,58,69
1084,6,18,24,26,31,41,42,55,59,61
1085,1,11,12,20,26,30,36,43,50,58
1086,7,8,10,29,49,56,57,61,64,66
1087,2,7,12,13,20,29,43,44,59,60
1088,6,11,15,16,21,24,37,41,50,65
1089,3,7,21,23,33,36,40,47,58,70
1090,18,27,31,32,35,48,49,50,51,57
1091,2,6,21,22,29,31,33,52,54,63
1092,9,20,22,25,30,35,52,57,59,60
1093,20,24,32,33,34,38,39,43,44,53
1094,1,28,38,40,48,49,51,52,58,70
1095,9,17,28,36,42,47,48,55,59,60
1096,2,4,20,29,32,34,38,48,56,61
1097,5,13,14,35,36,42,49,53,60,70
1098,6,21,30,31,39,43,47,55,59,62
1099,2,12,19,22,31,35,37,41,45,69
1100,14,17,18,29,32,50,51,52,58,65
1101,4,6,9,22,25,43,47,54,58,68
1102,10,14,15,26,29,30,40,46,48,66
1103,3,5,8,11,19,22,23,65,69,70
1104,16,22,24,26,47,48,57,58,60,66
1105,7,31,36,37,45,50,60,64,66,70
1106,3,5,6,43,47,49,55,64,68,69
