ticket_id,n1,n2,n3,n4,n5,n6,n7,n8,n9,n10
1,7,11,12,18,23,27,37,52,56,70
2,4,5,12,17,25,28,29,49,62,67
3,8,10,12,24,29,38,40,52,53,66
4,11,20,28,32,35,39,49,53,67,68
5,6,10,17,18,25,26,38,39,51,55
6,13,18,22,27,34,45,47,49,55,64
7,2,29,32,35,39,45,57,60,68,69
8,1,3,7,13,44,50,57,59,60,64
9,2,21,22,23,39,46,49,50,66,69
10,2,10,21,23,34,40,45,54,63,68
11,10,11,13,20,22,29,37,66,68,69
12,5,8,25,28,29,35,36,44,58,66
13,1,13,24,39,41,44,48,53,61,70
14,8,14,18,27,30,37,50,51,52,54
15,9,19,22,30,42,53,54,66,67,69
16,6,14,19,30,31,35,44,45,50,55
17,15,16,36,40,42,43,53,61,63,69
18,1,17,24,25,27,34,44,45,46,51
19,8,18,30,32,36,42,44,60,68,69
20,2,20,24,27,30,35,50,58,63,66
21,11,13,19,21,22,33,47,52,57,63
22,5,7,10,17,20,21,33,36,45,64
23,3,6,9,20,25,26,27,28,37,58
24,14,18,25,32,35,37,38,39,45,63
25,13,23,29,33,47,53,56,59,61,69
26,2,12,25,31,36,38,45,52,61,65
27,3,8,10,28,45,49,50,55,66,69
28,10,12,16,21,22,41,51,52,66,69
29,2,3,7,33,48,50,53,63,67,70
30,7,9,15,26,29,33,55,58,65,70
31,6,34,36,37,40,43,54,55,65,69
32,16,18,38,40,45,46,56,58,59,62
33,1,6,21,23,27,44,49,62,67,68
34,2,8,9,20,22,23,24,27,38,49
35,1,8,11,13,15,29,34,53,54,57
36,8,12,14,26,27,32,40,46,49,66
37,5,11,17,20,29,32,36,37,42,53
38,18,21,32,33,36,46,49,50,60,67
39,7,9,12,21,29,36,38,39,48,61
40,11,17,21,23,29,31,34,38,50,67
41,27,32,39,41,42,44,53,54,57,68
42,4,9,13,45,54,56,61,66,67,70
43,10,17,23,29,38,43,51,56,59,65
44,1,7,8,30,40,45,49,59,60,61
45,26,42,43,45,46,48,55,57,58,69
46,5,12,15,16,17,27,46,47,57,61
47,4,12,13,14,28,30,32,53,61,62
48,15,19,25,31,32,36,58,63,64,69
49,13,22,24,30,33,42,45,46,52,65
50,2,7,16,17,32,42,50,52,54,59
51,2,19,25,31,45,49,54,57,67,68
52,3,15,16,30,31,36,44,51,60,68
53,2,10,18,24,45,57,61,62,66,69
54,1,6,13,20,28,29,43,54,55,62
55,11,14,19,27,39,40,48,49,57,67
56,12,17,32,37,38,57,64,65,66,68
57,15,16,22,23,34,37,38,64,67,69
58,5,25,27,31,33,47,58,60,61,64
59,13,15,21,22,24,31,35,53,57,59
60,12,21,26,27,28,29,33,51,55,66
61,12,24,28,30,42,48,50,60,61,62
62,9,13,14,16,18,24,43,49,53,55
63,2,6,15,18,21,35,37,42,45,69
64,3,8,9,15,17,29,51,58,63,70
65,4,23,25,34,36,41,51,52,61,62
66,3,14,16,17,25,26,39,66,69,70
67,11,16,23,34,40,44,47,51,52,56
68,3,7,8,10,13,14,18,37,40,69
69,4,8,12,17,20,22,53,56,58,59
70,10,13,20,21,23,36,55,57,63,66
71,19,23,30,32,42,45,50,55,63,69
72,2,27,42,44,57,58,62,63,65,66
73,10,15,39,40,48,50,60,62,65,69
74,7,8,20,37,39,40,44,46,52,61
75,4,11,21,22,26,30,31,44,49,51
76,11,12,20,25,43,48,58,60,64,70
77,3,5,6,11,19,32,36,51,53,56
78,7,13,17,28,46,50,51,52,58,70
79,6,12,13,19,32,35,41,47,62,68
80,34,36,37,44,46,59,61,68,69,70
81,18,21,24,26,31,45,55,61,68,70
82,8,11,16,25,28,32,35,45,47,59
83,2,10,16,19,26,30,52,56,65,69
84,10,11,17,31,35,39,42,47,48,65
85,2,19,22,23,24,25,26,27,31,42
86,11,23,25,35,36,38,39,51,60,66
87,3,5,8,12,15,29,43,46,53,62
88,1,7,11,14,18,24,27,29,34,52
89,1,28,31,35,37,49,50,53,65,66
90,6,11,18,24,35,36,54,58,59,69
91,9,10,11,17,26,30,36,37,52,66
92,10,16,17,20,25,33,34,58,64,66
93,2,5,6,25,29,34,45,47,55,61
94,3,12,22,24,25,26,48,57,61,66
95,2,7,20,24,26,38,43,49,60,63
96,1,11,13,25,27,34,35,38,49,54
97,6,11,14,21,37,38,41,48,64,69
98,6,8,16,22,24,37,42,47,69,70
99,5,31,36,42,48,51,53,55,68,70
100,9,13,30,33,39,43,45,46,49,54
101,14,30,34,45,50,51,57,65,66,68
102,30,39,41,44,46,50,57,63,65,67
103,10,15,18,24,36,38,44,54,58,69
104,20,26,29,33,35,39,57,62,65,68
105,11,17,21,32,39,42,44,59,66,68
106,1,9,13,17,28,35,49,54,62,65
107,17,19,28,51,53,54,56,65,66,68
108,1,7,10,12,24,30,40,41,62,68
109,7,23,25,29,34,40,57,58,59,65
110,6,12,18,27,42,44,53,59,64,67
111,11,13,17,18,28,32,36,46,52,68
112,8,16,18,23,31,38,43,59,61,66
113,23,26,39,43,45,46,48,49,50,69
114,6,11,16,19,21,25,41,43,63,64
115,17,20,21,26,29,36,40,48,65,66
116,12,14,15,29,30,44,47,49,60,64
117,9,17,23,24,31,39,50,51,58,63
118,3,11,25,29,30,35,39,44,62,67
119,1,15,27,28,33,35,42,44,53,55
120,8,16,22,23,38,45,54,55,58,68
121,3,8,15,17,25,27,43,49,50,65
122,5,11,35,36,37,39,53,57,60,65
123,19,21,32,41,55,58,65,67,69,70
124,7,23,27,31,37,51,56,61,65,70
125,3,8,13,14,21,42,47,49,52,67
126,3,13,15,29,30,34,35,54,61,70
127,10,16,31,36,58,60,62,64,67,69
128,2,6,13,18,21,26,47,52,54,60
129,14,18,25,26,27,51,53,65,66,68
130,2,8,20,24,32,34,36,40,42,51
131,11,15,18,19,33,46,50,52,55,61
132,10,12,26,33,38,39,45,52,58,66
133,6,9,21,22,24,29,33,57,64,65
134,3,6,11,16,22,30,39,42,50,51
135,1,2,3,8,34,39,45,47,53,64
136,9,22,31,40,46,56,58,62,63,65
137,5,20,22,24,28,42,47,66,67,69
138,9,16,21,30,33,37,43,45,56,70
139,15,19,30,36,46,52,53,62,64,69
140,2,7,14,18,21,39,45,55,60,63
141,6,9,24,32,39,46,53,55,56,61
142,1,3,7,14,26,40,41,56,61,67
143,1,2,6,25,38,40,41,46,54,59
144,24,25,26,42,46,51,56,57,58,62
145,6,11,22,32,33,43,49,50,52,57
146,7,24,27,29,39,40,45,52,58,66
147,2,13,20,34,37,49,64,65,68,70
148,2,6,7,10,22,48,54,55,66,68
149,1,15,16,17,28,31,33,44,49,51
150,1,10,20,25,30,31,32,48,57,60
151,4,6,13,14,26,30,53,61,67,69
152,3,9,15,38,44,60,62,63,65,67
153,5,15,22,30,34,39,52,54,56,68
154,7,16,27,39,41,43,44,48,57,58
155,3,21,28,30,32,40,48,53,62,68
156,12,14,18,23,37,39,40,44,45,66
157,8,16,22,23,27,45,49,50,62,69
158,10,20,29,36,37,42,47,49,67,69
159,1,19,27,29,32,35,37,50,51,61
160,1,9,23,26,29,34,36,38,60,61
161,1,6,8,18,20,29,30,36,43,46
162,15,16,27,31,34,36,40,46,50,63
163,1,5,25,27,32,35,36,39,54,55
164,1,6,12,15,16,19,21,22,35,42
165,5,21,23,39,55,56,59,61,69,70
166,6,8,18,26,28,29,32,44,47,61
167,12,15,33,35,47,58,61,64,66,70
168,2,4,7,8,10,33,36,49,54,57
169,2,3,4,12,15,20,21,27,31,33
170,5,7,12,25,37,44,46,48,55,67
171,13,30,32,33,40,44,50,51,60,66
172,2,5,6,8,25,31,34,41,64,67
173,1,7,16,21,36,53,55,62,65,66
174,9,21,22,28,34,35,37,39,47,48
175,8,14,21,26,27,30,42,52,66,69
176,5,11,31,32,36,37,41,42,63,66
177,7,9,11,13,17,36,50,62,66,70
178,13,22,24,26,37,47,49,57,65,68
179,3,7,8,15,22,40,41,45,58,66
180,1,11,15,38,40,43,52,57,58,68
181,9,14,24,26,28,33,39,43,53,69
182,1,8,9,14,15,19,22,25,49,61
183,12,16,21,32,51,53,59,61,69,70
184,4,6,8,12,26,35,43,58,63,66
185,7,10,27,39,42,46,47,48,50,65
186,6,14,24,30,34,45,50,53,58,62
187,19,28,48,55,57,62,63,64,68,69
188,6,8,10,16,19,30,31,44,62,64
189,13,16,22,27,36,47,51,52,56,65
190,6,18,20,23,41,53,55,65,66,70
191,5,16,28,29,35,36,40,48,51,56
192,3,8,13,18,43,46,47,54,61,65
193,1,5,19,24,27,28,35,44,45,46
194,2,5,7,19,29,40,50,59,60,69
195,10,17,20,21,27,28,32,39,46,59
196,9,15,19,22,33,35,36,38,46,68
197,11,20,21,34,37,44,45,50,63,70
198,2,10,19,25,33,48,54,57,58,64
199,3,31,35,36,42,49,50,58,62,68
200,3,16,18,34,37,39,42,44,54,59
201,4,7,17,21,27,28,39,50,53,66
202,2,11,19,29,30,31,35,57,65,67
203,2,3,17,24,25,32,42,43,47,65
